########################################
### Generated by Minnator's Modforge ###
########################################

# FRA (France)
color = { 20 50 210 }
graphical_culture = westerngfx
revolutionary_colors = {  15   0  16 }
historical_score = 6700

historical_idea_groups = {
	early_adm_ideas
	early_mil_ideas
	early_trade_ideas
	early_religious_ideas
	economic_ideas
	offensive_ideas
	exploration_ideas
	defensive_ideas
	administrative_ideas
	maritime_ideas
	quality_ideas
	innovativeness_ideas
	early_adm_ideas
	early_mil_ideas
	early_trade_ideas
	early_religious_ideas
	economic_ideas
	offensive_ideas
	exploration_ideas
	defensive_ideas
	administrative_ideas
	maritime_ideas
	quality_ideas
	innovativeness_ideas
	early_adm_ideas
	early_mil_ideas
	early_trade_ideas
	early_religious_ideas
	economic_ideas
	offensive_ideas
	exploration_ideas
	defensive_ideas
	administrative_ideas
	maritime_ideas
	quality_ideas
	innovativeness_ideas
}
historical_units = {
	western_medieval_infantry
	chevauchee
	western_men_at_arms
	swiss_landsknechten
	dutch_maurician
	french_caracolle
	anglofrench_line
	french_dragoon
	french_bluecoat
	french_cuirassier
	french_impulse
	mixed_order_infantry
	open_order_cavalry
	napoleonic_square
	napoleonic_lancers
	western_medieval_infantry
	chevauchee
	western_men_at_arms
	swiss_landsknechten
	dutch_maurician
	french_caracolle
	anglofrench_line
	french_dragoon
	french_bluecoat
	french_cuirassier
	french_impulse
	mixed_order_infantry
	open_order_cavalry
	napoleonic_square
	napoleonic_lancers
	western_medieval_infantry
	chevauchee
	western_men_at_arms
	swiss_landsknechten
	dutch_maurician
	french_caracolle
	anglofrench_line
	french_dragoon
	french_bluecoat
	french_cuirassier
	french_impulse
	mixed_order_infantry
	open_order_cavalry
	napoleonic_square
	napoleonic_lancers
}
leader_names = {

	d'Ambleteuse d'Ambleteuse d'Ambleteuse d'Aulnay d'Aulnay d'Aulnay d'Entraigues d'Entraigues d'Entraigues d'Estrées d'Estrées d'Estrées d'Ornano d'Ornano d'Ornano d'Usson d'Usson d'Usson "de Beauharnais" "de Beauharnais" "de Beauharnais" "de Bercy" "de Bercy" "de Bercy" "de Béthune" "de Béthune" "de Béthune" "de Boissieu" "de Boissieu" "de Boissieu" "de Bonnefoy" "de Bonnefoy" "de Bonnefoy" "de Bonneuil" "de Bonneuil" "de Bonneuil" "de Broglie" "de Broglie" "de Broglie" "de Castaing" "de Castaing" "de Castaing" "de Caumartin" "de Caumartin" "de Caumartin" "de Chambly" "de Chambly" "de Chambly" "de Chambronne" "de Chambronne" "de Chambronne" "de Champmartin" "de Champmartin" "de Champmartin" "de Chevigny" "de Chevigny" "de Chevigny" "de Crèvecœur" "de Crèvecœur" "de Crèvecœur" "de Crussol" "de Crussol" "de Crussol" "de Dampierre" "de Dampierre" "de Dampierre" "de Galard" "de Galard" "de Galard" "de La Barthe" "de La Barthe" "de La Barthe" "de la Bretonnière" "de la Bretonnière" "de la Bretonnière" "de La Ferrandie" "de La Ferrandie" "de La Ferrandie" "de La Galissonière" "de La Galissonière" "de La Galissonière" "de La Mothe" "de La Mothe" "de La Mothe" "de La Motte d'Airan" "de La Motte d'Airan" "de La Motte d'Airan" "de La Porte" "de La Porte" "de La Porte" "de La Tour d'Auvergne" "de La Tour d'Auvergne" "de La Tour d'Auvergne" "de Lhéry" "de Lhéry" "de Lhéry" "de Luynes" "de Luynes" "de Luynes" "de Marguerye" "de Marguerye" "de Marguerye" "de Maurepas" "de Maurepas" "de Maurepas" "de Neufchâtel" "de Neufchâtel" "de Neufchâtel" "de Pellefort" "de Pellefort" "de Pellefort" "de Richemont" "de Richemont" "de Richemont" "de Rieu" "de Rieu" "de Rieu" "de Rochechouart" "de Rochechouart" "de Rochechouart" "de Rochemaure" "de Rochemaure" "de Rochemaure" "de Saint-Chamond" "de Saint-Chamond" "de Saint-Chamond" "de Saint-Esprit" "de Saint-Esprit" "de Saint-Esprit" "de Saint-Germain" "de Saint-Germain" "de Saint-Germain" "de Saint-Omer" "de Saint-Omer" "de Saint-Omer" "de Siorac" "de Siorac" "de Siorac" "de Tocqueville" "de Tocqueville" "de Tocqueville" "de Tréville" "de Tréville" "de Tréville" "de Vergennes" "de Vergennes" "de Vergennes" "de Vibien" "de Vibien" "de Vibien" "de Vigny" "de Vigny" "de Vigny" "de Villeneuve" "de Villeneuve" "de Villeneuve" "des Coulons" "des Coulons" "des Coulons" "des Écures" "des Écures" "des Écures" "des Herbiers" "des Herbiers" "des Herbiers" Desgouttes Desgouttes Desgouttes "du Bosquet" "du Bosquet" "du Bosquet" "du Fournay" "du Fournay" "du Fournay" "du Valentinois" "du Valentinois" "du Valentinois" Duquesne Duquesne Duquesne 
	"Le Tellier" "Le Tellier" "Le Tellier" 
}
army_names = {

	"Armée d'Italie" "Armée d'Italie" "Armée d'Italie" "Armée de $PROVINCE$" "Armée de $PROVINCE$" "Armée de $PROVINCE$" "Armée de Bretagne" "Armée de Bretagne" "Armée de Bretagne" "Armée de l'Atlantique" "Armée de l'Atlantique" "Armée de l'Atlantique" "Armée de l'Est" "Armée de l'Est" "Armée de l'Est" "Armée des Alpes" "Armée des Alpes" "Armée des Alpes" "Armée des Flandres" "Armée des Flandres" "Armée des Flandres" "Armée des Pyrénées" "Armée des Pyrénées" "Armée des Pyrénées" "Armée du Jura" "Armée du Jura" "Armée du Jura" "Armée du Lyonnais" "Armée du Lyonnais" "Armée du Lyonnais" "Armée du Midi" "Armée du Midi" "Armée du Midi" "Armée du Nord" "Armée du Nord" "Armée du Nord" "Armée royale" "Armée royale" "Armée royale" 
}
fleet_names = {

	"Escadre Blanche" "Escadre Blanche" "Escadre Blanche" "Escadre Bleue" "Escadre Bleue" "Escadre Bleue" "Escadre de Gascogne" "Escadre de Gascogne" "Escadre de Gascogne" "Escadre de l'Atlantique" "Escadre de l'Atlantique" "Escadre de l'Atlantique" "Escadre de la Manche" "Escadre de la Manche" "Escadre de la Manche" "Escadre de Méditerranée" "Escadre de Méditerranée" "Escadre de Méditerranée" "Escadre Rouge" "Escadre Rouge" "Escadre Rouge" 
}
ship_names = {

	Achille Achille Achille Actif Actif Actif Actionnaire Actionnaire Actionnaire Adelaïde Adelaïde Adelaïde Admirable Admirable Admirable Adroit Adroit Adroit Africain Africain Africain Agamemnon Agamemnon Agamemnon Aigle Aigle Aigle Aigrette Aigrette Aigrette Aimable Aimable Aimable Ajax Ajax Ajax Alcide Alcide Alcide Alcyon Alcyon Alcyon Alexandre Alexandre Alexandre Alliance Alliance Alliance Alsace Alsace Alsace Altier Altier Altier Amarante Amarante Amarante Amazone Amazone Amazone Ambitieux Ambitieux Ambitieux America America America Amiral Amiral Amiral "Amiral de Biscaye" "Amiral de Biscaye" "Amiral de Biscaye" "Amiral de Galice" "Amiral de Galice" "Amiral de Galice" Amphion Amphion Amphion Amphitrite Amphitrite Amphitrite Andromaque Andromaque Andromaque Anglais Anglais Anglais Anna Anna Anna Annibal Annibal Annibal Anonyme Anonyme Anonyme Anversois Anversois Anversois Apollon Apollon Apollon Aquilon Aquilon Aquilon Arc-en-Ciel Arc-en-Ciel Arc-en-Ciel Arcole Arcole Arcole Ardent Ardent Ardent Aréthuse Aréthuse Aréthuse Argonaute Argonaute Argonaute Artésien Artésien Artésien Asie Asie Asie Assuré Assuré Assuré Astrée Astrée Astrée Astrolabe Astrolabe Astrolabe Athénien Athénien Athénien Atlante Atlante Atlante Audacieux Audacieux Audacieux Auguste Auguste Auguste Aurore Aurore Aurore Avenant Avenant Avenant Aventurier Aventurier Aventurier 
	Badine Badine Badine Banel Banel Banel Basque Basque Basque Beaufort Beaufort Beaufort "Belle Poule" "Belle Poule" "Belle Poule" Belliqueux Belliqueux Belliqueux Bellone Bellone Bellone Bien-Aimé Bien-Aimé Bien-Aimé Bienfaisant Bienfaisant Bienfaisant Bizarre Bizarre Bizarre Bon Bon Bon Bonne Bonne Bonne Bordelais Bordelais Bordelais Borée Borée Borée Boudeuse Boudeuse Boudeuse Bouffonne Bouffonne Bouffonne Bourbon Bourbon Bourbon Boussole Boussole Boussole Brave Brave Brave Brélé Brélé Brélé Bretagne Bretagne Bretagne Breton Breton Breton Brillant Brillant Brillant Brutal Brutal Brutal Bucentaure Bucentaure Bucentaure 
	Calypso Calypso Calypso Capable Capable Capable Capricieux Capricieux Capricieux Caraquon Caraquon Caraquon Cardinal Cardinal Cardinal Caribou Caribou Caribou Cassard Cassard Cassard Castiglione Castiglione Castiglione Catholique Catholique Catholique Caton Caton Caton Censeur Censeur Censeur Centaure Centaure Centaure César César César Chalain Chalain Chalain Charente Charente Charente Charlemagne Charlemagne Charlemagne "Charles II" "Charles II" "Charles II" Charmante Charmante Charmante Chasseur Chasseur Chasseur "Cheval Marin" "Cheval Marin" "Cheval Marin" Choquante Choquante Choquante Christine Christine Christine Citoyen Citoyen Citoyen Cléopâtre Cléopâtre Cléopâtre Clorinde Clorinde Clorinde Colosse Colosse Colosse Comète Comète Comète "Commerce de Bordeaux" "Commerce de Bordeaux" "Commerce de Bordeaux" "Commerce de Marseille" "Commerce de Marseille" "Commerce de Marseille" "Commerce de Paris" "Commerce de Paris" "Commerce de Paris" "Commerce du Lyon" "Commerce du Lyon" "Commerce du Lyon" Comte Comte Comte Concorde Concorde Concorde Conquérant Conquérant Conquérant Consolante Consolante Consolante Content Content Content Coq Coq Coq Corail Corail Corail Courageux Courageux Courageux Couronne Couronne Couronne "Couronne Ottomane" "Couronne Ottomane" "Couronne Ottomane" Courtisan Courtisan Courtisan Croissant Croissant Croissant "Croissant d'Afrique" "Croissant d'Afrique" "Croissant d'Afrique" Curieux Curieux Curieux Cygne Cygne Cygne 
	Dalmate Dalmate Dalmate Dansé Dansé Dansé Dantzig Dantzig Dantzig Dauphin Dauphin Dauphin "Dauphin Royal" "Dauphin Royal" "Dauphin Royal" Dédaigneuse Dédaigneuse Dédaigneuse Défenseur Défenseur Défenseur Dego Dego Dego Desaix Desaix Desaix Destin Destin Destin "Deux Frères" "Deux Frères" "Deux Frères" Diadème Diadème Diadème Diamant Diamant Diamant Dictateur Dictateur Dictateur "Don de Dieu" "Don de Dieu" "Don de Dieu" Dragon Dragon Dragon "Dragon d'Or" "Dragon d'Or" "Dragon d'Or" Dryade Dryade Dryade Dubois Dubois Dubois Duc Duc Duc "Duc d'Angoulême" "Duc d'Angoulême" "Duc d'Angoulême" "Duc d'Aquitaine" "Duc d'Aquitaine" "Duc d'Aquitaine" "Duc de Berry" "Duc de Berry" "Duc de Berry" "Duc de Bourgogne" "Duc de Bourgogne" "Duc de Bourgogne" Duguesclin Duguesclin Duguesclin Dunkerquois Dunkerquois Dunkerquois Duperre Duperre Duperre Duquesne Duquesne Duquesne Dur Dur Dur 
	Éclatant Éclatant Éclatant Écueil Écueil Écueil Écureuil Écureuil Écureuil Église Église Église Émerillon Émerillon Émerillon Éminent Éminent Éminent Éole Éole Éole Ésperance Ésperance Ésperance "Ésperance d'Angleterre" "Ésperance d'Angleterre" "Ésperance d'Angleterre" "Ésperance de Dieu" "Ésperance de Dieu" "Ésperance de Dieu" "Ésperance en Dieu" "Ésperance en Dieu" "Ésperance en Dieu" "États de Bourgogne" "États de Bourgogne" "États de Bourgogne" "Étoile de Diane" "Étoile de Diane" "Étoile de Diane" Éveillé Éveillé Éveillé 
	Fâcheux Fâcheux Fâcheux Fantasque Fantasque Fantasque Faucon Faucon Faucon "Faucon Anglais" "Faucon Anglais" "Faucon Anglais" Favori Favori Favori Fée Fée Fée Félicité Félicité Félicité Fendant Fendant Fendant Ferronière Ferronière Ferronière Fidèle Fidèle Fidèle Fier Fier Fier Fiesque Fiesque Fiesque Flamand Flamand Flamand "Fleur de Lys" "Fleur de Lys" "Fleur de Lys" Fleuron Fleuron Fleuron Florissant Florissant Florissant Formidable Formidable Formidable Fort Fort Fort Fortune Fortune Fortune Foudroyant Foudroyant Foudroyant Fougueux Fougueux Fougueux Français Français Français Frédéric Frédéric Frédéric "Frégate Royale" "Frégate Royale" "Frégate Royale" Friponne Friponne Friponne Fulminant Fulminant Fulminant 
	Gaillard Gaillard Gaillard Galant Galant Galant Galathée Galathée Galathée "Galion de Guise" "Galion de Guise" "Galion de Guise" Gaulois Gaulois Gaulois Gazelle Gazelle Gazelle Généreux Généreux Généreux Gênois Gênois Gênois Gentille Gentille Gentille Gerze Gerze Gerze Gloire Gloire Gloire Gracieuse Gracieuse Gracieuse Grand Grand Grand "Grand Anglais" "Grand Anglais" "Grand Anglais" "Grand Chalain" "Grand Chalain" "Grand Chalain" "Grand Danois" "Grand Danois" "Grand Danois" "Grand Henry" "Grand Henry" "Grand Henry" "Grand Saint Louis" "Grand Saint Louis" "Grand Saint Louis" "Grand Vainqueur" "Grand Vainqueur" "Grand Vainqueur" "Grand Vasseau du Roi" "Grand Vasseau du Roi" "Grand Vasseau du Roi" "Grande Galion de Malte" "Grande Galion de Malte" "Grande Galion de Malte" "Grande Nef d'Écosse" "Grande Nef d'Écosse" "Grande Nef d'Écosse" "Grande Saint Jean" "Grande Saint Jean" "Grande Saint Jean" Griffon Griffon Griffon Guerrier Guerrier Guerrier Guirlande Guirlande Guirlande 
	"Île de France" "Île de France" "Île de France" 
	Languedoc Languedoc Languedoc Laurier Laurier Laurier "Le Beau Parterre" "Le Beau Parterre" "Le Beau Parterre" Léger Léger Léger Léopard Léopard Léopard Licorne Licorne Licorne Ligourois Ligourois Ligourois Lion Lion Lion "Lion Couronné" "Lion Couronné" "Lion Couronné" "Lion d'Or" "Lion d'Or" "Lion d'Or" Lionne Lionne Lionne Lune Lune Lune Lutine Lutine Lutine Lys Lys Lys 
	Madame Madame Madame Madeleine Madeleine Madeleine "Madeleine de Brest" "Madeleine de Brest" "Madeleine de Brest" Magicienne Magicienne Magicienne Magnanime Magnanime Magnanime Magnifique Magnifique Magnifique Maistresse Maistresse Maistresse Majestueux Majestueux Majestueux Maquedo Maquedo Maquedo Marabout Marabout Marabout Marguerite Marguerite Marguerite "Marguerite du Ponant" "Marguerite du Ponant" "Marguerite du Ponant" "Marie la Cordelière" "Marie la Cordelière" "Marie la Cordelière" Marie-Elisabeth Marie-Elisabeth Marie-Elisabeth Marin Marin Marin Marquise Marquise Marquise Mars Mars Mars Maure Maure Maure Maurepas Maurepas Maurepas Mazarin Mazarin Mazarin Méduse Méduse Méduse Mercœur Mercœur Mercœur Mercure Mercure Mercure Merveilleux Merveilleux Merveilleux Mignonne Mignonne Mignonne Minotaure Minotaure Minotaure Modéré Modéré Modéré Monarque Monarque Monarque "Mont Saint-Bernard" "Mont Saint-Bernard" "Mont Saint-Bernard" Montebello Montebello Montebello Montenotte Montenotte Montenotte Montmorency Montmorency Montmorency Montolieu Montolieu Montolieu Mutine Mutine Mutine 
	Nassau Nassau Nassau Navarrais Navarrais Navarrais Navire-du-Roi Navire-du-Roi Navire-du-Roi Neptune Neptune Neptune Néréide Néréide Néréide Nieuport Nieuport Nieuport "Noire Galère" "Noire Galère" "Noire Galère" Normand Normand Normand "Notre Dame" "Notre Dame" "Notre Dame" "Notre Dame de la Victoire" "Notre Dame de la Victoire" "Notre Dame de la Victoire" "Notre Dame des Martyres" "Notre Dame des Martyres" "Notre Dame des Martyres" "Notre Dame du Peuple" "Notre Dame du Peuple" "Notre Dame du Peuple" 
	Océan Océan Océan Oiseau Oiseau Oiseau Opiniâtre Opiniâtre Opiniâtre Orgueilleux Orgueilleux Orgueilleux Orient Orient Orient Oriflamme Oriflamme Oriflamme Orion Orion Orion Orphée Orphée Orphée Ours Ours Ours "Ours Blanc" "Ours Blanc" "Ours Blanc" "Ours d'Or" "Ours d'Or" "Ours d'Or" 
	Pacificateur Pacificateur Pacificateur Palmier Palmier Palmier Parfait Parfait Parfait Paris Paris Paris Patriote Patriote Patriote Pégase Pégase Pégase Pélican Pélican Pélican Pélicorne Pélicorne Pélicorne Perle Perle Perle Persée Persée Persée Persévérante Persévérante Persévérante "Petit Saint Jean" "Petit Saint Jean" "Petit Saint Jean" "Petit Saint Louis" "Petit Saint Louis" "Petit Saint Louis" Pléiade Pléiade Pléiade Poli Poli Poli Polonais Polonais Polonais Polyphème Polyphème Polyphème Pompée Pompée Pompée Pompeux Pompeux Pompeux Pourvoyeuse Pourvoyeuse Pourvoyeuse Prince Prince Prince "Prince Henri" "Prince Henri" "Prince Henri" Princesse Princesse Princesse Prompt Prompt Prompt Prosélyte Prosélyte Prosélyte Protée Protée Protée Provençal Provençal Provençal Prudent Prudent Prudent Pucelle Pucelle Pucelle Puissant Puissant Puissant Pyrrhus Pyrrhus Pyrrhus 
	"Quatre Frères" "Quatre Frères" "Quatre Frères" 
	Railleuse Railleuse Railleuse Raisonnable Raisonnable Raisonnable Redoutable Redoutable Redoutable Réfléchi Réfléchi Réfléchi Régénérateur Régénérateur Régénérateur Regina Regina Regina Regulus Regulus Regulus Reine Reine Reine Renommée Renommée Renommée Résistance Résistance Résistance Robuste Robuste Robuste Rochefort Rochefort Rochefort "Roi de Rome" "Roi de Rome" "Roi de Rome" Roland Roland Roland Rouen Rouen Rouen Royal Royal Royal "Royal Duc" "Royal Duc" "Royal Duc" "Royal Hollandais" "Royal Hollandais" "Royal Hollandais" "Royal Italien" "Royal Italien" "Royal Italien" "Royal Louis" "Royal Louis" "Royal Louis" "Royale Thérèse" "Royale Thérèse" "Royale Thérèse" Rubis Rubis Rubis 
	Sage Sage Sage Sagittaire Sagittaire Sagittaire "Saint André" "Saint André" "Saint André" "Saint Antoine" "Saint Antoine" "Saint Antoine" "Saint Antoine de Gênes" "Saint Antoine de Gênes" "Saint Antoine de Gênes" "Saint Augustin" "Saint Augustin" "Saint Augustin" "Saint Basile" "Saint Basile" "Saint Basile" "Saint Catherine" "Saint Catherine" "Saint Catherine" "Saint Charles" "Saint Charles" "Saint Charles" "Saint Cosme" "Saint Cosme" "Saint Cosme" "Saint Dominique" "Saint Dominique" "Saint Dominique" "Saint Edmé" "Saint Edmé" "Saint Edmé" "Saint Esprit" "Saint Esprit" "Saint Esprit" "Saint François" "Saint François" "Saint François" "Saint Georges de Londres" "Saint Georges de Londres" "Saint Georges de Londres" "Saint Ignace" "Saint Ignace" "Saint Ignace" "Saint Jacques" "Saint Jacques" "Saint Jacques" "Saint Jacques du Portugal" "Saint Jacques du Portugal" "Saint Jacques du Portugal" "Saint Jean" "Saint Jean" "Saint Jean" "Saint Jean de Bordeaux" "Saint Jean de Bordeaux" "Saint Jean de Bordeaux" "Saint Jean de Hollande" "Saint Jean de Hollande" "Saint Jean de Hollande" "Saint Joseph" "Saint Joseph" "Saint Joseph" "Saint Louis" "Saint Louis" "Saint Louis" "Saint Louis de Brest" "Saint Louis de Brest" "Saint Louis de Brest" "Saint Louis de Nevers" "Saint Louis de Nevers" "Saint Louis de Nevers" "Saint Louis de Saint-Malo" "Saint Louis de Saint-Malo" "Saint Louis de Saint-Malo" "Saint Michel" "Saint Michel" "Saint Michel" "Saint Paul" "Saint Paul" "Saint Paul" "Saint Philippe" "Saint Philippe" "Saint Philippe" "Saint Pierre" "Saint Pierre" "Saint Pierre" "Saint Sébastien" "Saint Sébastien" "Saint Sébastien" "Saint Thomas d'Aquin" "Saint Thomas d'Aquin" "Saint Thomas d'Aquin" "Saint Vincent" "Saint Vincent" "Saint Vincent" Saint-Malo Saint-Malo Saint-Malo Saint-Sacrement Saint-Sacrement Saint-Sacrement "Sainte Croix" "Sainte Croix" "Sainte Croix" "Sainte Geneviève" "Sainte Geneviève" "Sainte Geneviève" "Sainte Marie" "Sainte Marie" "Sainte Marie" Salamandre Salamandre Salamandre "Sans Pareil" "Sans Pareil" "Sans Pareil" Sceptre Sceptre Sceptre Scipion Scipion Scipion Séduisant Séduisant Séduisant Seine Seine Seine Sémillante Sémillante Sémillante Sérieux Sérieux Sérieux Sirène Sirène Sirène Soleil Soleil Soleil "Soleil d'Afrique" "Soleil d'Afrique" "Soleil d'Afrique" "Soleil d'Alger" "Soleil d'Alger" "Soleil d'Alger" "Soleil Royal" "Soleil Royal" "Soleil Royal" Solide Solide Solide Sophie Sophie Sophie Sorlingue Sorlingue Sorlingue Sourdis Sourdis Sourdis Souverain Souverain Souverain Sphinx Sphinx Sphinx Subtile Subtile Subtile Suffisant Suffisant Suffisant Suffren Suffren Suffren Superbe Superbe Superbe Surveillante Surveillante Surveillante Suzanne Suzanne Suzanne Sylvie Sylvie Sylvie 
	Téméraire Téméraire Téméraire Tempête Tempête Tempête Terpsichore Terpsichore Terpsichore Terreur Terreur Terreur Terrible Terrible Terrible Thémistocle Thémistocle Thémistocle Thérèse Thérèse Thérèse Thésée Thésée Thésée Thétis Thétis Thétis Tigre Tigre Tigre Tonnant Tonnant Tonnant Topaze Topaze Topaze Toulon Toulon Toulon Tourbillon Tourbillon Tourbillon Tourville Tourville Tourville Trajan Trajan Trajan Trident Trident Trident Triomphe Triomphe Triomphe Triton Triton Triton Trocadero Trocadero Trocadero "Trois Fanaux" "Trois Fanaux" "Trois Fanaux" "Trois Rois" "Trois Rois" "Trois Rois" Trompeuse Trompeuse Trompeuse 
	Vaillant Vaillant Vaillant Vainqueur Vainqueur Vainqueur "Vaisseau de Torais" "Vaisseau de Torais" "Vaisseau de Torais" "Vaisseau du Roi" "Vaisseau du Roi" "Vaisseau du Roi" Valeur Valeur Valeur Vendôme Vendôme Vendôme Vengeur Vengeur Vengeur Vénus Vénus Vénus Vertu Vertu Vertu Vestale Vestale Vestale Vétéran Vétéran Vétéran Victoire Victoire Victoire Victorieux Victorieux Victorieux Vierge Vierge Vierge Ville-de-Marseille Ville-de-Marseille Ville-de-Marseille Ville-de-Paris Ville-de-Paris Ville-de-Paris Ville-de-Rouen Ville-de-Rouen Ville-de-Rouen Volage Volage Volage Volontaire Volontaire Volontaire 
	Elbeuf Elbeuf Elbeuf Embuscade Embuscade Embuscade Empereur Empereur Empereur Emporte Emporte Emporte Engageante Engageante Engageante Enjouree Enjouree Enjouree Entendu Entendu Entendu Entreprenant Entreprenant Entreprenant Europe Europe Europe Excellent Excellent Excellent 
	Hardi Hardi Hardi Hasardeux Hasardeux Hasardeux Havre Havre Havre Hébé Hébé Hébé Henri Henri Henri Hercule Hercule Hercule Hermione Hermione Hermione Héroïne Héroïne Héroïne Héros Héros Héros Heureux Heureux Heureux Hippopotame Hippopotame Hippopotame Hirondelle Hirondelle Hirondelle Hymen Hymen Hymen 
	Inconstante Inconstante Inconstante Indien Indien Indien Indomptable Indomptable Indomptable Infante Infante Infante Inflexible Inflexible Inflexible Intrépide Intrépide Intrépide Invincible Invincible Invincible Iphighénie Iphighénie Iphighénie Isabelle Isabelle Isabelle 
	Jason Jason Jason Jemmapes Jemmapes Jemmapes Jeux Jeux Jeux Joli Joli Joli Jules Jules Jules Junon Junon Junon Jupiter Jupiter Jupiter Juste Juste Juste 
	Uranie Uranie Uranie Utile Utile Utile 
	Wallon Wallon Wallon 
	Zélandais Zélandais Zélandais Zélé Zélé Zélé Zodiaque Zodiaque Zodiaque 
}
monarch_names = {
	"Louis #10" = 160
	"Charles #5" = 80
	"Henri #1" = 60
	"François #0" = 40
	"Philippe #6" = 10
	"Jean #2" = 10
	"Gaston #0" = 10
	"Nicolas-Henri #0" = 10
	"Louis-François #0" = 5
	"Jacques #0" = 5
	"Joachim #0" = 5
	"Xavier #0" = 5
	"Robert #2" = 1
	"Hugues #1" = 1
	"Raoul #1" = 1
	"Alexandre #0" = 0
	"Alphonse #0" = 0
	"Ambroise #0" = 0
	"Armand #0" = 0
	"Augustin #0" = 0
	"Barthélemy #0" = 0
	"Benoît #0" = 0
	"Bernard #0" = 0
	"Blaise #0" = 0
	"Claude #0" = 0
	"Clément #0" = 0
	"Denis #0" = 0
	"Étienne #0" = 0
	"Firmin #0" = 0
	"Georges #0" = 0
	"Guy #0" = 0
	"Guillaume #0" = 0
	"Ignace #0" = 0
	"Jean-Antoine #0" = 0
	"Jean-Baptiste #0" = 0
	"Jean-Jacques #0" = 0
	"Jean-Philippe #0" = 0
	"Joseph #0" = 0
	"Josquin #0" = 0
	"Jules #0" = 0
	"Marc #0" = 0
	"Maurice #0" = 0
	"Maximilien #0" = 0
	"Michel #0" = 0
	"Nicolas #0" = 0
	"Pascal #0" = 0
	"Pierre #0" = 0
	"René #0" = 0
	"Sébastien #0" = 0
	"Simon #0" = 0
	"Jeanne #0" = -10
	"Marie #0" = -1
	"Charlotte #0" = -1
	"Anne #0" = -10
	"Marguerite #0" = -10
	"Adélaïde #0" = -10
	"Louis #10" = 160
	"Charles #5" = 80
	"Henri #1" = 60
	"François #0" = 40
	"Philippe #6" = 10
	"Jean #2" = 10
	"Gaston #0" = 10
	"Nicolas-Henri #0" = 10
	"Louis-François #0" = 5
	"Jacques #0" = 5
	"Joachim #0" = 5
	"Xavier #0" = 5
	"Robert #2" = 1
	"Hugues #1" = 1
	"Raoul #1" = 1
	"Alexandre #0" = 0
	"Alphonse #0" = 0
	"Ambroise #0" = 0
	"Armand #0" = 0
	"Augustin #0" = 0
	"Barthélemy #0" = 0
	"Benoît #0" = 0
	"Bernard #0" = 0
	"Blaise #0" = 0
	"Claude #0" = 0
	"Clément #0" = 0
	"Denis #0" = 0
	"Étienne #0" = 0
	"Firmin #0" = 0
	"Georges #0" = 0
	"Guy #0" = 0
	"Guillaume #0" = 0
	"Ignace #0" = 0
	"Jean-Antoine #0" = 0
	"Jean-Baptiste #0" = 0
	"Jean-Jacques #0" = 0
	"Jean-Philippe #0" = 0
	"Joseph #0" = 0
	"Josquin #0" = 0
	"Jules #0" = 0
	"Marc #0" = 0
	"Maurice #0" = 0
	"Maximilien #0" = 0
	"Michel #0" = 0
	"Nicolas #0" = 0
	"Pascal #0" = 0
	"Pierre #0" = 0
	"René #0" = 0
	"Sébastien #0" = 0
	"Simon #0" = 0
	"Jeanne #0" = -10
	"Marie #0" = -1
	"Charlotte #0" = -1
	"Anne #0" = -10
	"Marguerite #0" = -10
	"Adélaïde #0" = -10
	"Louis #10" = 160
	"Charles #5" = 80
	"Henri #1" = 60
	"François #0" = 40
	"Philippe #6" = 10
	"Jean #2" = 10
	"Gaston #0" = 10
	"Nicolas-Henri #0" = 10
	"Louis-François #0" = 5
	"Jacques #0" = 5
	"Joachim #0" = 5
	"Xavier #0" = 5
	"Robert #2" = 1
	"Hugues #1" = 1
	"Raoul #1" = 1
	"Alexandre #0" = 0
	"Alphonse #0" = 0
	"Ambroise #0" = 0
	"Armand #0" = 0
	"Augustin #0" = 0
	"Barthélemy #0" = 0
	"Benoît #0" = 0
	"Bernard #0" = 0
	"Blaise #0" = 0
	"Claude #0" = 0
	"Clément #0" = 0
	"Denis #0" = 0
	"Étienne #0" = 0
	"Firmin #0" = 0
	"Georges #0" = 0
	"Guy #0" = 0
	"Guillaume #0" = 0
	"Ignace #0" = 0
	"Jean-Antoine #0" = 0
	"Jean-Baptiste #0" = 0
	"Jean-Jacques #0" = 0
	"Jean-Philippe #0" = 0
	"Joseph #0" = 0
	"Josquin #0" = 0
	"Jules #0" = 0
	"Marc #0" = 0
	"Maurice #0" = 0
	"Maximilien #0" = 0
	"Michel #0" = 0
	"Nicolas #0" = 0
	"Pascal #0" = 0
	"Pierre #0" = 0
	"René #0" = 0
	"Sébastien #0" = 0
	"Simon #0" = 0
	"Jeanne #0" = -10
	"Marie #0" = -1
	"Charlotte #0" = -1
	"Anne #0" = -10
	"Marguerite #0" = -10
	"Adélaïde #0" = -10
}

# KOF (France)
color = { 20 50 210 }
graphical_culture = westerngfx
revolutionary_colors = {  15   0  16 }
historical_score = 6700

historical_idea_groups = {
	early_adm_ideas
	early_mil_ideas
	early_trade_ideas
	early_religious_ideas
	economic_ideas
	offensive_ideas
	exploration_ideas
	defensive_ideas
	administrative_ideas
	maritime_ideas
	quality_ideas
	innovativeness_ideas
	early_adm_ideas
	early_mil_ideas
	early_trade_ideas
	early_religious_ideas
	economic_ideas
	offensive_ideas
	exploration_ideas
	defensive_ideas
	administrative_ideas
	maritime_ideas
	quality_ideas
	innovativeness_ideas
	early_adm_ideas
	early_mil_ideas
	early_trade_ideas
	early_religious_ideas
	economic_ideas
	offensive_ideas
	exploration_ideas
	defensive_ideas
	administrative_ideas
	maritime_ideas
	quality_ideas
	innovativeness_ideas
}
historical_units = {
	western_medieval_infantry
	chevauchee
	western_men_at_arms
	swiss_landsknechten
	dutch_maurician
	french_caracolle
	anglofrench_line
	french_dragoon
	french_bluecoat
	french_cuirassier
	french_impulse
	mixed_order_infantry
	open_order_cavalry
	napoleonic_square
	napoleonic_lancers
	western_medieval_infantry
	chevauchee
	western_men_at_arms
	swiss_landsknechten
	dutch_maurician
	french_caracolle
	anglofrench_line
	french_dragoon
	french_bluecoat
	french_cuirassier
	french_impulse
	mixed_order_infantry
	open_order_cavalry
	napoleonic_square
	napoleonic_lancers
	western_medieval_infantry
	chevauchee
	western_men_at_arms
	swiss_landsknechten
	dutch_maurician
	french_caracolle
	anglofrench_line
	french_dragoon
	french_bluecoat
	french_cuirassier
	french_impulse
	mixed_order_infantry
	open_order_cavalry
	napoleonic_square
	napoleonic_lancers
}
leader_names = {

	d'Ambleteuse d'Ambleteuse d'Ambleteuse d'Aulnay d'Aulnay d'Aulnay d'Entraigues d'Entraigues d'Entraigues d'Estrées d'Estrées d'Estrées d'Ornano d'Ornano d'Ornano d'Usson d'Usson d'Usson "de Beauharnais" "de Beauharnais" "de Beauharnais" "de Bercy" "de Bercy" "de Bercy" "de Béthune" "de Béthune" "de Béthune" "de Boissieu" "de Boissieu" "de Boissieu" "de Bonnefoy" "de Bonnefoy" "de Bonnefoy" "de Bonneuil" "de Bonneuil" "de Bonneuil" "de Broglie" "de Broglie" "de Broglie" "de Castaing" "de Castaing" "de Castaing" "de Caumartin" "de Caumartin" "de Caumartin" "de Chambly" "de Chambly" "de Chambly" "de Chambronne" "de Chambronne" "de Chambronne" "de Champmartin" "de Champmartin" "de Champmartin" "de Chevigny" "de Chevigny" "de Chevigny" "de Crèvecœur" "de Crèvecœur" "de Crèvecœur" "de Crussol" "de Crussol" "de Crussol" "de Dampierre" "de Dampierre" "de Dampierre" "de Galard" "de Galard" "de Galard" "de La Barthe" "de La Barthe" "de La Barthe" "de la Bretonnière" "de la Bretonnière" "de la Bretonnière" "de La Ferrandie" "de La Ferrandie" "de La Ferrandie" "de La Galissonière" "de La Galissonière" "de La Galissonière" "de La Mothe" "de La Mothe" "de La Mothe" "de La Motte d'Airan" "de La Motte d'Airan" "de La Motte d'Airan" "de La Porte" "de La Porte" "de La Porte" "de La Tour d'Auvergne" "de La Tour d'Auvergne" "de La Tour d'Auvergne" "de Lhéry" "de Lhéry" "de Lhéry" "de Luynes" "de Luynes" "de Luynes" "de Marguerye" "de Marguerye" "de Marguerye" "de Maurepas" "de Maurepas" "de Maurepas" "de Neufchâtel" "de Neufchâtel" "de Neufchâtel" "de Pellefort" "de Pellefort" "de Pellefort" "de Richemont" "de Richemont" "de Richemont" "de Rieu" "de Rieu" "de Rieu" "de Rochechouart" "de Rochechouart" "de Rochechouart" "de Rochemaure" "de Rochemaure" "de Rochemaure" "de Saint-Chamond" "de Saint-Chamond" "de Saint-Chamond" "de Saint-Esprit" "de Saint-Esprit" "de Saint-Esprit" "de Saint-Germain" "de Saint-Germain" "de Saint-Germain" "de Saint-Omer" "de Saint-Omer" "de Saint-Omer" "de Siorac" "de Siorac" "de Siorac" "de Tocqueville" "de Tocqueville" "de Tocqueville" "de Tréville" "de Tréville" "de Tréville" "de Vergennes" "de Vergennes" "de Vergennes" "de Vibien" "de Vibien" "de Vibien" "de Vigny" "de Vigny" "de Vigny" "de Villeneuve" "de Villeneuve" "de Villeneuve" "des Coulons" "des Coulons" "des Coulons" "des Écures" "des Écures" "des Écures" "des Herbiers" "des Herbiers" "des Herbiers" Desgouttes Desgouttes Desgouttes "du Bosquet" "du Bosquet" "du Bosquet" "du Fournay" "du Fournay" "du Fournay" "du Valentinois" "du Valentinois" "du Valentinois" Duquesne Duquesne Duquesne 
	"Le Tellier" "Le Tellier" "Le Tellier" 
}
army_names = {

	"Armée d'Italie" "Armée d'Italie" "Armée d'Italie" "Armée de $PROVINCE$" "Armée de $PROVINCE$" "Armée de $PROVINCE$" "Armée de Bretagne" "Armée de Bretagne" "Armée de Bretagne" "Armée de l'Atlantique" "Armée de l'Atlantique" "Armée de l'Atlantique" "Armée de l'Est" "Armée de l'Est" "Armée de l'Est" "Armée des Alpes" "Armée des Alpes" "Armée des Alpes" "Armée des Flandres" "Armée des Flandres" "Armée des Flandres" "Armée des Pyrénées" "Armée des Pyrénées" "Armée des Pyrénées" "Armée du Jura" "Armée du Jura" "Armée du Jura" "Armée du Lyonnais" "Armée du Lyonnais" "Armée du Lyonnais" "Armée du Midi" "Armée du Midi" "Armée du Midi" "Armée du Nord" "Armée du Nord" "Armée du Nord" "Armée royale" "Armée royale" "Armée royale" 
}
fleet_names = {

	"Escadre Blanche" "Escadre Blanche" "Escadre Blanche" "Escadre Bleue" "Escadre Bleue" "Escadre Bleue" "Escadre de Gascogne" "Escadre de Gascogne" "Escadre de Gascogne" "Escadre de l'Atlantique" "Escadre de l'Atlantique" "Escadre de l'Atlantique" "Escadre de la Manche" "Escadre de la Manche" "Escadre de la Manche" "Escadre de Méditerranée" "Escadre de Méditerranée" "Escadre de Méditerranée" "Escadre Rouge" "Escadre Rouge" "Escadre Rouge" 
}
ship_names = {

	Achille Achille Achille Actif Actif Actif Actionnaire Actionnaire Actionnaire Adelaïde Adelaïde Adelaïde Admirable Admirable Admirable Adroit Adroit Adroit Africain Africain Africain Agamemnon Agamemnon Agamemnon Aigle Aigle Aigle Aigrette Aigrette Aigrette Aimable Aimable Aimable Ajax Ajax Ajax Alcide Alcide Alcide Alcyon Alcyon Alcyon Alexandre Alexandre Alexandre Alliance Alliance Alliance Alsace Alsace Alsace Altier Altier Altier Amarante Amarante Amarante Amazone Amazone Amazone Ambitieux Ambitieux Ambitieux America America America Amiral Amiral Amiral "Amiral de Biscaye" "Amiral de Biscaye" "Amiral de Biscaye" "Amiral de Galice" "Amiral de Galice" "Amiral de Galice" Amphion Amphion Amphion Amphitrite Amphitrite Amphitrite Andromaque Andromaque Andromaque Anglais Anglais Anglais Anna Anna Anna Annibal Annibal Annibal Anonyme Anonyme Anonyme Anversois Anversois Anversois Apollon Apollon Apollon Aquilon Aquilon Aquilon Arc-en-Ciel Arc-en-Ciel Arc-en-Ciel Arcole Arcole Arcole Ardent Ardent Ardent Aréthuse Aréthuse Aréthuse Argonaute Argonaute Argonaute Artésien Artésien Artésien Asie Asie Asie Assuré Assuré Assuré Astrée Astrée Astrée Astrolabe Astrolabe Astrolabe Athénien Athénien Athénien Atlante Atlante Atlante Audacieux Audacieux Audacieux Auguste Auguste Auguste Aurore Aurore Aurore Avenant Avenant Avenant Aventurier Aventurier Aventurier 
	Badine Badine Badine Banel Banel Banel Basque Basque Basque Beaufort Beaufort Beaufort "Belle Poule" "Belle Poule" "Belle Poule" Belliqueux Belliqueux Belliqueux Bellone Bellone Bellone Bien-Aimé Bien-Aimé Bien-Aimé Bienfaisant Bienfaisant Bienfaisant Bizarre Bizarre Bizarre Bon Bon Bon Bonne Bonne Bonne Bordelais Bordelais Bordelais Borée Borée Borée Boudeuse Boudeuse Boudeuse Bouffonne Bouffonne Bouffonne Bourbon Bourbon Bourbon Boussole Boussole Boussole Brave Brave Brave Brélé Brélé Brélé Bretagne Bretagne Bretagne Breton Breton Breton Brillant Brillant Brillant Brutal Brutal Brutal Bucentaure Bucentaure Bucentaure 
	Calypso Calypso Calypso Capable Capable Capable Capricieux Capricieux Capricieux Caraquon Caraquon Caraquon Cardinal Cardinal Cardinal Caribou Caribou Caribou Cassard Cassard Cassard Castiglione Castiglione Castiglione Catholique Catholique Catholique Caton Caton Caton Censeur Censeur Censeur Centaure Centaure Centaure César César César Chalain Chalain Chalain Charente Charente Charente Charlemagne Charlemagne Charlemagne "Charles II" "Charles II" "Charles II" Charmante Charmante Charmante Chasseur Chasseur Chasseur "Cheval Marin" "Cheval Marin" "Cheval Marin" Choquante Choquante Choquante Christine Christine Christine Citoyen Citoyen Citoyen Cléopâtre Cléopâtre Cléopâtre Clorinde Clorinde Clorinde Colosse Colosse Colosse Comète Comète Comète "Commerce de Bordeaux" "Commerce de Bordeaux" "Commerce de Bordeaux" "Commerce de Marseille" "Commerce de Marseille" "Commerce de Marseille" "Commerce de Paris" "Commerce de Paris" "Commerce de Paris" "Commerce du Lyon" "Commerce du Lyon" "Commerce du Lyon" Comte Comte Comte Concorde Concorde Concorde Conquérant Conquérant Conquérant Consolante Consolante Consolante Content Content Content Coq Coq Coq Corail Corail Corail Courageux Courageux Courageux Couronne Couronne Couronne "Couronne Ottomane" "Couronne Ottomane" "Couronne Ottomane" Courtisan Courtisan Courtisan Croissant Croissant Croissant "Croissant d'Afrique" "Croissant d'Afrique" "Croissant d'Afrique" Curieux Curieux Curieux Cygne Cygne Cygne 
	Dalmate Dalmate Dalmate Dansé Dansé Dansé Dantzig Dantzig Dantzig Dauphin Dauphin Dauphin "Dauphin Royal" "Dauphin Royal" "Dauphin Royal" Dédaigneuse Dédaigneuse Dédaigneuse Défenseur Défenseur Défenseur Dego Dego Dego Desaix Desaix Desaix Destin Destin Destin "Deux Frères" "Deux Frères" "Deux Frères" Diadème Diadème Diadème Diamant Diamant Diamant Dictateur Dictateur Dictateur "Don de Dieu" "Don de Dieu" "Don de Dieu" Dragon Dragon Dragon "Dragon d'Or" "Dragon d'Or" "Dragon d'Or" Dryade Dryade Dryade Dubois Dubois Dubois Duc Duc Duc "Duc d'Angoulême" "Duc d'Angoulême" "Duc d'Angoulême" "Duc d'Aquitaine" "Duc d'Aquitaine" "Duc d'Aquitaine" "Duc de Berry" "Duc de Berry" "Duc de Berry" "Duc de Bourgogne" "Duc de Bourgogne" "Duc de Bourgogne" Duguesclin Duguesclin Duguesclin Dunkerquois Dunkerquois Dunkerquois Duperre Duperre Duperre Duquesne Duquesne Duquesne Dur Dur Dur 
	Éclatant Éclatant Éclatant Écueil Écueil Écueil Écureuil Écureuil Écureuil Église Église Église Émerillon Émerillon Émerillon Éminent Éminent Éminent Éole Éole Éole Ésperance Ésperance Ésperance "Ésperance d'Angleterre" "Ésperance d'Angleterre" "Ésperance d'Angleterre" "Ésperance de Dieu" "Ésperance de Dieu" "Ésperance de Dieu" "Ésperance en Dieu" "Ésperance en Dieu" "Ésperance en Dieu" "États de Bourgogne" "États de Bourgogne" "États de Bourgogne" "Étoile de Diane" "Étoile de Diane" "Étoile de Diane" Éveillé Éveillé Éveillé 
	Fâcheux Fâcheux Fâcheux Fantasque Fantasque Fantasque Faucon Faucon Faucon "Faucon Anglais" "Faucon Anglais" "Faucon Anglais" Favori Favori Favori Fée Fée Fée Félicité Félicité Félicité Fendant Fendant Fendant Ferronière Ferronière Ferronière Fidèle Fidèle Fidèle Fier Fier Fier Fiesque Fiesque Fiesque Flamand Flamand Flamand "Fleur de Lys" "Fleur de Lys" "Fleur de Lys" Fleuron Fleuron Fleuron Florissant Florissant Florissant Formidable Formidable Formidable Fort Fort Fort Fortune Fortune Fortune Foudroyant Foudroyant Foudroyant Fougueux Fougueux Fougueux Français Français Français Frédéric Frédéric Frédéric "Frégate Royale" "Frégate Royale" "Frégate Royale" Friponne Friponne Friponne Fulminant Fulminant Fulminant 
	Gaillard Gaillard Gaillard Galant Galant Galant Galathée Galathée Galathée "Galion de Guise" "Galion de Guise" "Galion de Guise" Gaulois Gaulois Gaulois Gazelle Gazelle Gazelle Généreux Généreux Généreux Gênois Gênois Gênois Gentille Gentille Gentille Gerze Gerze Gerze Gloire Gloire Gloire Gracieuse Gracieuse Gracieuse Grand Grand Grand "Grand Anglais" "Grand Anglais" "Grand Anglais" "Grand Chalain" "Grand Chalain" "Grand Chalain" "Grand Danois" "Grand Danois" "Grand Danois" "Grand Henry" "Grand Henry" "Grand Henry" "Grand Saint Louis" "Grand Saint Louis" "Grand Saint Louis" "Grand Vainqueur" "Grand Vainqueur" "Grand Vainqueur" "Grand Vasseau du Roi" "Grand Vasseau du Roi" "Grand Vasseau du Roi" "Grande Galion de Malte" "Grande Galion de Malte" "Grande Galion de Malte" "Grande Nef d'Écosse" "Grande Nef d'Écosse" "Grande Nef d'Écosse" "Grande Saint Jean" "Grande Saint Jean" "Grande Saint Jean" Griffon Griffon Griffon Guerrier Guerrier Guerrier Guirlande Guirlande Guirlande 
	"Île de France" "Île de France" "Île de France" 
	Languedoc Languedoc Languedoc Laurier Laurier Laurier "Le Beau Parterre" "Le Beau Parterre" "Le Beau Parterre" Léger Léger Léger Léopard Léopard Léopard Licorne Licorne Licorne Ligourois Ligourois Ligourois Lion Lion Lion "Lion Couronné" "Lion Couronné" "Lion Couronné" "Lion d'Or" "Lion d'Or" "Lion d'Or" Lionne Lionne Lionne Lune Lune Lune Lutine Lutine Lutine Lys Lys Lys 
	Madame Madame Madame Madeleine Madeleine Madeleine "Madeleine de Brest" "Madeleine de Brest" "Madeleine de Brest" Magicienne Magicienne Magicienne Magnanime Magnanime Magnanime Magnifique Magnifique Magnifique Maistresse Maistresse Maistresse Majestueux Majestueux Majestueux Maquedo Maquedo Maquedo Marabout Marabout Marabout Marguerite Marguerite Marguerite "Marguerite du Ponant" "Marguerite du Ponant" "Marguerite du Ponant" "Marie la Cordelière" "Marie la Cordelière" "Marie la Cordelière" Marie-Elisabeth Marie-Elisabeth Marie-Elisabeth Marin Marin Marin Marquise Marquise Marquise Mars Mars Mars Maure Maure Maure Maurepas Maurepas Maurepas Mazarin Mazarin Mazarin Méduse Méduse Méduse Mercœur Mercœur Mercœur Mercure Mercure Mercure Merveilleux Merveilleux Merveilleux Mignonne Mignonne Mignonne Minotaure Minotaure Minotaure Modéré Modéré Modéré Monarque Monarque Monarque "Mont Saint-Bernard" "Mont Saint-Bernard" "Mont Saint-Bernard" Montebello Montebello Montebello Montenotte Montenotte Montenotte Montmorency Montmorency Montmorency Montolieu Montolieu Montolieu Mutine Mutine Mutine 
	Nassau Nassau Nassau Navarrais Navarrais Navarrais Navire-du-Roi Navire-du-Roi Navire-du-Roi Neptune Neptune Neptune Néréide Néréide Néréide Nieuport Nieuport Nieuport "Noire Galère" "Noire Galère" "Noire Galère" Normand Normand Normand "Notre Dame" "Notre Dame" "Notre Dame" "Notre Dame de la Victoire" "Notre Dame de la Victoire" "Notre Dame de la Victoire" "Notre Dame des Martyres" "Notre Dame des Martyres" "Notre Dame des Martyres" "Notre Dame du Peuple" "Notre Dame du Peuple" "Notre Dame du Peuple" 
	Océan Océan Océan Oiseau Oiseau Oiseau Opiniâtre Opiniâtre Opiniâtre Orgueilleux Orgueilleux Orgueilleux Orient Orient Orient Oriflamme Oriflamme Oriflamme Orion Orion Orion Orphée Orphée Orphée Ours Ours Ours "Ours Blanc" "Ours Blanc" "Ours Blanc" "Ours d'Or" "Ours d'Or" "Ours d'Or" 
	Pacificateur Pacificateur Pacificateur Palmier Palmier Palmier Parfait Parfait Parfait Paris Paris Paris Patriote Patriote Patriote Pégase Pégase Pégase Pélican Pélican Pélican Pélicorne Pélicorne Pélicorne Perle Perle Perle Persée Persée Persée Persévérante Persévérante Persévérante "Petit Saint Jean" "Petit Saint Jean" "Petit Saint Jean" "Petit Saint Louis" "Petit Saint Louis" "Petit Saint Louis" Pléiade Pléiade Pléiade Poli Poli Poli Polonais Polonais Polonais Polyphème Polyphème Polyphème Pompée Pompée Pompée Pompeux Pompeux Pompeux Pourvoyeuse Pourvoyeuse Pourvoyeuse Prince Prince Prince "Prince Henri" "Prince Henri" "Prince Henri" Princesse Princesse Princesse Prompt Prompt Prompt Prosélyte Prosélyte Prosélyte Protée Protée Protée Provençal Provençal Provençal Prudent Prudent Prudent Pucelle Pucelle Pucelle Puissant Puissant Puissant Pyrrhus Pyrrhus Pyrrhus 
	"Quatre Frères" "Quatre Frères" "Quatre Frères" 
	Railleuse Railleuse Railleuse Raisonnable Raisonnable Raisonnable Redoutable Redoutable Redoutable Réfléchi Réfléchi Réfléchi Régénérateur Régénérateur Régénérateur Regina Regina Regina Regulus Regulus Regulus Reine Reine Reine Renommée Renommée Renommée Résistance Résistance Résistance Robuste Robuste Robuste Rochefort Rochefort Rochefort "Roi de Rome" "Roi de Rome" "Roi de Rome" Roland Roland Roland Rouen Rouen Rouen Royal Royal Royal "Royal Duc" "Royal Duc" "Royal Duc" "Royal Hollandais" "Royal Hollandais" "Royal Hollandais" "Royal Italien" "Royal Italien" "Royal Italien" "Royal Louis" "Royal Louis" "Royal Louis" "Royale Thérèse" "Royale Thérèse" "Royale Thérèse" Rubis Rubis Rubis 
	Sage Sage Sage Sagittaire Sagittaire Sagittaire "Saint André" "Saint André" "Saint André" "Saint Antoine" "Saint Antoine" "Saint Antoine" "Saint Antoine de Gênes" "Saint Antoine de Gênes" "Saint Antoine de Gênes" "Saint Augustin" "Saint Augustin" "Saint Augustin" "Saint Basile" "Saint Basile" "Saint Basile" "Saint Catherine" "Saint Catherine" "Saint Catherine" "Saint Charles" "Saint Charles" "Saint Charles" "Saint Cosme" "Saint Cosme" "Saint Cosme" "Saint Dominique" "Saint Dominique" "Saint Dominique" "Saint Edmé" "Saint Edmé" "Saint Edmé" "Saint Esprit" "Saint Esprit" "Saint Esprit" "Saint François" "Saint François" "Saint François" "Saint Georges de Londres" "Saint Georges de Londres" "Saint Georges de Londres" "Saint Ignace" "Saint Ignace" "Saint Ignace" "Saint Jacques" "Saint Jacques" "Saint Jacques" "Saint Jacques du Portugal" "Saint Jacques du Portugal" "Saint Jacques du Portugal" "Saint Jean" "Saint Jean" "Saint Jean" "Saint Jean de Bordeaux" "Saint Jean de Bordeaux" "Saint Jean de Bordeaux" "Saint Jean de Hollande" "Saint Jean de Hollande" "Saint Jean de Hollande" "Saint Joseph" "Saint Joseph" "Saint Joseph" "Saint Louis" "Saint Louis" "Saint Louis" "Saint Louis de Brest" "Saint Louis de Brest" "Saint Louis de Brest" "Saint Louis de Nevers" "Saint Louis de Nevers" "Saint Louis de Nevers" "Saint Louis de Saint-Malo" "Saint Louis de Saint-Malo" "Saint Louis de Saint-Malo" "Saint Michel" "Saint Michel" "Saint Michel" "Saint Paul" "Saint Paul" "Saint Paul" "Saint Philippe" "Saint Philippe" "Saint Philippe" "Saint Pierre" "Saint Pierre" "Saint Pierre" "Saint Sébastien" "Saint Sébastien" "Saint Sébastien" "Saint Thomas d'Aquin" "Saint Thomas d'Aquin" "Saint Thomas d'Aquin" "Saint Vincent" "Saint Vincent" "Saint Vincent" Saint-Malo Saint-Malo Saint-Malo Saint-Sacrement Saint-Sacrement Saint-Sacrement "Sainte Croix" "Sainte Croix" "Sainte Croix" "Sainte Geneviève" "Sainte Geneviève" "Sainte Geneviève" "Sainte Marie" "Sainte Marie" "Sainte Marie" Salamandre Salamandre Salamandre "Sans Pareil" "Sans Pareil" "Sans Pareil" Sceptre Sceptre Sceptre Scipion Scipion Scipion Séduisant Séduisant Séduisant Seine Seine Seine Sémillante Sémillante Sémillante Sérieux Sérieux Sérieux Sirène Sirène Sirène Soleil Soleil Soleil "Soleil d'Afrique" "Soleil d'Afrique" "Soleil d'Afrique" "Soleil d'Alger" "Soleil d'Alger" "Soleil d'Alger" "Soleil Royal" "Soleil Royal" "Soleil Royal" Solide Solide Solide Sophie Sophie Sophie Sorlingue Sorlingue Sorlingue Sourdis Sourdis Sourdis Souverain Souverain Souverain Sphinx Sphinx Sphinx Subtile Subtile Subtile Suffisant Suffisant Suffisant Suffren Suffren Suffren Superbe Superbe Superbe Surveillante Surveillante Surveillante Suzanne Suzanne Suzanne Sylvie Sylvie Sylvie 
	Téméraire Téméraire Téméraire Tempête Tempête Tempête Terpsichore Terpsichore Terpsichore Terreur Terreur Terreur Terrible Terrible Terrible Thémistocle Thémistocle Thémistocle Thérèse Thérèse Thérèse Thésée Thésée Thésée Thétis Thétis Thétis Tigre Tigre Tigre Tonnant Tonnant Tonnant Topaze Topaze Topaze Toulon Toulon Toulon Tourbillon Tourbillon Tourbillon Tourville Tourville Tourville Trajan Trajan Trajan Trident Trident Trident Triomphe Triomphe Triomphe Triton Triton Triton Trocadero Trocadero Trocadero "Trois Fanaux" "Trois Fanaux" "Trois Fanaux" "Trois Rois" "Trois Rois" "Trois Rois" Trompeuse Trompeuse Trompeuse 
	Vaillant Vaillant Vaillant Vainqueur Vainqueur Vainqueur "Vaisseau de Torais" "Vaisseau de Torais" "Vaisseau de Torais" "Vaisseau du Roi" "Vaisseau du Roi" "Vaisseau du Roi" Valeur Valeur Valeur Vendôme Vendôme Vendôme Vengeur Vengeur Vengeur Vénus Vénus Vénus Vertu Vertu Vertu Vestale Vestale Vestale Vétéran Vétéran Vétéran Victoire Victoire Victoire Victorieux Victorieux Victorieux Vierge Vierge Vierge Ville-de-Marseille Ville-de-Marseille Ville-de-Marseille Ville-de-Paris Ville-de-Paris Ville-de-Paris Ville-de-Rouen Ville-de-Rouen Ville-de-Rouen Volage Volage Volage Volontaire Volontaire Volontaire 
	Elbeuf Elbeuf Elbeuf Embuscade Embuscade Embuscade Empereur Empereur Empereur Emporte Emporte Emporte Engageante Engageante Engageante Enjouree Enjouree Enjouree Entendu Entendu Entendu Entreprenant Entreprenant Entreprenant Europe Europe Europe Excellent Excellent Excellent 
	Hardi Hardi Hardi Hasardeux Hasardeux Hasardeux Havre Havre Havre Hébé Hébé Hébé Henri Henri Henri Hercule Hercule Hercule Hermione Hermione Hermione Héroïne Héroïne Héroïne Héros Héros Héros Heureux Heureux Heureux Hippopotame Hippopotame Hippopotame Hirondelle Hirondelle Hirondelle Hymen Hymen Hymen 
	Inconstante Inconstante Inconstante Indien Indien Indien Indomptable Indomptable Indomptable Infante Infante Infante Inflexible Inflexible Inflexible Intrépide Intrépide Intrépide Invincible Invincible Invincible Iphighénie Iphighénie Iphighénie Isabelle Isabelle Isabelle 
	Jason Jason Jason Jemmapes Jemmapes Jemmapes Jeux Jeux Jeux Joli Joli Joli Jules Jules Jules Junon Junon Junon Jupiter Jupiter Jupiter Juste Juste Juste 
	Uranie Uranie Uranie Utile Utile Utile 
	Wallon Wallon Wallon 
	Zélandais Zélandais Zélandais Zélé Zélé Zélé Zodiaque Zodiaque Zodiaque 
}
monarch_names = {
	"Louis #10" = 160
	"Charles #5" = 80
	"Henri #1" = 60
	"François #0" = 40
	"Philippe #6" = 10
	"Jean #2" = 10
	"Gaston #0" = 10
	"Nicolas-Henri #0" = 10
	"Louis-François #0" = 5
	"Jacques #0" = 5
	"Joachim #0" = 5
	"Xavier #0" = 5
	"Robert #2" = 1
	"Hugues #1" = 1
	"Raoul #1" = 1
	"Alexandre #0" = 0
	"Alphonse #0" = 0
	"Ambroise #0" = 0
	"Armand #0" = 0
	"Augustin #0" = 0
	"Barthélemy #0" = 0
	"Benoît #0" = 0
	"Bernard #0" = 0
	"Blaise #0" = 0
	"Claude #0" = 0
	"Clément #0" = 0
	"Denis #0" = 0
	"Étienne #0" = 0
	"Firmin #0" = 0
	"Georges #0" = 0
	"Guy #0" = 0
	"Guillaume #0" = 0
	"Ignace #0" = 0
	"Jean-Antoine #0" = 0
	"Jean-Baptiste #0" = 0
	"Jean-Jacques #0" = 0
	"Jean-Philippe #0" = 0
	"Joseph #0" = 0
	"Josquin #0" = 0
	"Jules #0" = 0
	"Marc #0" = 0
	"Maurice #0" = 0
	"Maximilien #0" = 0
	"Michel #0" = 0
	"Nicolas #0" = 0
	"Pascal #0" = 0
	"Pierre #0" = 0
	"René #0" = 0
	"Sébastien #0" = 0
	"Simon #0" = 0
	"Jeanne #0" = -10
	"Marie #0" = -1
	"Charlotte #0" = -1
	"Anne #0" = -10
	"Marguerite #0" = -10
	"Adélaïde #0" = -10
	"Louis #10" = 160
	"Charles #5" = 80
	"Henri #1" = 60
	"François #0" = 40
	"Philippe #6" = 10
	"Jean #2" = 10
	"Gaston #0" = 10
	"Nicolas-Henri #0" = 10
	"Louis-François #0" = 5
	"Jacques #0" = 5
	"Joachim #0" = 5
	"Xavier #0" = 5
	"Robert #2" = 1
	"Hugues #1" = 1
	"Raoul #1" = 1
	"Alexandre #0" = 0
	"Alphonse #0" = 0
	"Ambroise #0" = 0
	"Armand #0" = 0
	"Augustin #0" = 0
	"Barthélemy #0" = 0
	"Benoît #0" = 0
	"Bernard #0" = 0
	"Blaise #0" = 0
	"Claude #0" = 0
	"Clément #0" = 0
	"Denis #0" = 0
	"Étienne #0" = 0
	"Firmin #0" = 0
	"Georges #0" = 0
	"Guy #0" = 0
	"Guillaume #0" = 0
	"Ignace #0" = 0
	"Jean-Antoine #0" = 0
	"Jean-Baptiste #0" = 0
	"Jean-Jacques #0" = 0
	"Jean-Philippe #0" = 0
	"Joseph #0" = 0
	"Josquin #0" = 0
	"Jules #0" = 0
	"Marc #0" = 0
	"Maurice #0" = 0
	"Maximilien #0" = 0
	"Michel #0" = 0
	"Nicolas #0" = 0
	"Pascal #0" = 0
	"Pierre #0" = 0
	"René #0" = 0
	"Sébastien #0" = 0
	"Simon #0" = 0
	"Jeanne #0" = -10
	"Marie #0" = -1
	"Charlotte #0" = -1
	"Anne #0" = -10
	"Marguerite #0" = -10
	"Adélaïde #0" = -10
	"Louis #10" = 160
	"Charles #5" = 80
	"Henri #1" = 60
	"François #0" = 40
	"Philippe #6" = 10
	"Jean #2" = 10
	"Gaston #0" = 10
	"Nicolas-Henri #0" = 10
	"Louis-François #0" = 5
	"Jacques #0" = 5
	"Joachim #0" = 5
	"Xavier #0" = 5
	"Robert #2" = 1
	"Hugues #1" = 1
	"Raoul #1" = 1
	"Alexandre #0" = 0
	"Alphonse #0" = 0
	"Ambroise #0" = 0
	"Armand #0" = 0
	"Augustin #0" = 0
	"Barthélemy #0" = 0
	"Benoît #0" = 0
	"Bernard #0" = 0
	"Blaise #0" = 0
	"Claude #0" = 0
	"Clément #0" = 0
	"Denis #0" = 0
	"Étienne #0" = 0
	"Firmin #0" = 0
	"Georges #0" = 0
	"Guy #0" = 0
	"Guillaume #0" = 0
	"Ignace #0" = 0
	"Jean-Antoine #0" = 0
	"Jean-Baptiste #0" = 0
	"Jean-Jacques #0" = 0
	"Jean-Philippe #0" = 0
	"Joseph #0" = 0
	"Josquin #0" = 0
	"Jules #0" = 0
	"Marc #0" = 0
	"Maurice #0" = 0
	"Maximilien #0" = 0
	"Michel #0" = 0
	"Nicolas #0" = 0
	"Pascal #0" = 0
	"Pierre #0" = 0
	"René #0" = 0
	"Sébastien #0" = 0
	"Simon #0" = 0
	"Jeanne #0" = -10
	"Marie #0" = -1
	"Charlotte #0" = -1
	"Anne #0" = -10
	"Marguerite #0" = -10
	"Adélaïde #0" = -10
}

# NPF (France)
color = { 20 50 210 }
graphical_culture = westerngfx
revolutionary_colors = {  15   0  16 }
historical_score = 6700

historical_idea_groups = {
	early_adm_ideas
	early_mil_ideas
	early_trade_ideas
	early_religious_ideas
	economic_ideas
	offensive_ideas
	exploration_ideas
	defensive_ideas
	administrative_ideas
	maritime_ideas
	quality_ideas
	innovativeness_ideas
	early_adm_ideas
	early_mil_ideas
	early_trade_ideas
	early_religious_ideas
	economic_ideas
	offensive_ideas
	exploration_ideas
	defensive_ideas
	administrative_ideas
	maritime_ideas
	quality_ideas
	innovativeness_ideas
	early_adm_ideas
	early_mil_ideas
	early_trade_ideas
	early_religious_ideas
	economic_ideas
	offensive_ideas
	exploration_ideas
	defensive_ideas
	administrative_ideas
	maritime_ideas
	quality_ideas
	innovativeness_ideas
}
historical_units = {
	western_medieval_infantry
	chevauchee
	western_men_at_arms
	swiss_landsknechten
	dutch_maurician
	french_caracolle
	anglofrench_line
	french_dragoon
	french_bluecoat
	french_cuirassier
	french_impulse
	mixed_order_infantry
	open_order_cavalry
	napoleonic_square
	napoleonic_lancers
	western_medieval_infantry
	chevauchee
	western_men_at_arms
	swiss_landsknechten
	dutch_maurician
	french_caracolle
	anglofrench_line
	french_dragoon
	french_bluecoat
	french_cuirassier
	french_impulse
	mixed_order_infantry
	open_order_cavalry
	napoleonic_square
	napoleonic_lancers
	western_medieval_infantry
	chevauchee
	western_men_at_arms
	swiss_landsknechten
	dutch_maurician
	french_caracolle
	anglofrench_line
	french_dragoon
	french_bluecoat
	french_cuirassier
	french_impulse
	mixed_order_infantry
	open_order_cavalry
	napoleonic_square
	napoleonic_lancers
}
leader_names = {

	d'Ambleteuse d'Ambleteuse d'Ambleteuse d'Aulnay d'Aulnay d'Aulnay d'Entraigues d'Entraigues d'Entraigues d'Estrées d'Estrées d'Estrées d'Ornano d'Ornano d'Ornano d'Usson d'Usson d'Usson "de Beauharnais" "de Beauharnais" "de Beauharnais" "de Bercy" "de Bercy" "de Bercy" "de Béthune" "de Béthune" "de Béthune" "de Boissieu" "de Boissieu" "de Boissieu" "de Bonnefoy" "de Bonnefoy" "de Bonnefoy" "de Bonneuil" "de Bonneuil" "de Bonneuil" "de Broglie" "de Broglie" "de Broglie" "de Castaing" "de Castaing" "de Castaing" "de Caumartin" "de Caumartin" "de Caumartin" "de Chambly" "de Chambly" "de Chambly" "de Chambronne" "de Chambronne" "de Chambronne" "de Champmartin" "de Champmartin" "de Champmartin" "de Chevigny" "de Chevigny" "de Chevigny" "de Crèvecœur" "de Crèvecœur" "de Crèvecœur" "de Crussol" "de Crussol" "de Crussol" "de Dampierre" "de Dampierre" "de Dampierre" "de Galard" "de Galard" "de Galard" "de La Barthe" "de La Barthe" "de La Barthe" "de la Bretonnière" "de la Bretonnière" "de la Bretonnière" "de La Ferrandie" "de La Ferrandie" "de La Ferrandie" "de La Galissonière" "de La Galissonière" "de La Galissonière" "de La Mothe" "de La Mothe" "de La Mothe" "de La Motte d'Airan" "de La Motte d'Airan" "de La Motte d'Airan" "de La Porte" "de La Porte" "de La Porte" "de La Tour d'Auvergne" "de La Tour d'Auvergne" "de La Tour d'Auvergne" "de Lhéry" "de Lhéry" "de Lhéry" "de Luynes" "de Luynes" "de Luynes" "de Marguerye" "de Marguerye" "de Marguerye" "de Maurepas" "de Maurepas" "de Maurepas" "de Neufchâtel" "de Neufchâtel" "de Neufchâtel" "de Pellefort" "de Pellefort" "de Pellefort" "de Richemont" "de Richemont" "de Richemont" "de Rieu" "de Rieu" "de Rieu" "de Rochechouart" "de Rochechouart" "de Rochechouart" "de Rochemaure" "de Rochemaure" "de Rochemaure" "de Saint-Chamond" "de Saint-Chamond" "de Saint-Chamond" "de Saint-Esprit" "de Saint-Esprit" "de Saint-Esprit" "de Saint-Germain" "de Saint-Germain" "de Saint-Germain" "de Saint-Omer" "de Saint-Omer" "de Saint-Omer" "de Siorac" "de Siorac" "de Siorac" "de Tocqueville" "de Tocqueville" "de Tocqueville" "de Tréville" "de Tréville" "de Tréville" "de Vergennes" "de Vergennes" "de Vergennes" "de Vibien" "de Vibien" "de Vibien" "de Vigny" "de Vigny" "de Vigny" "de Villeneuve" "de Villeneuve" "de Villeneuve" "des Coulons" "des Coulons" "des Coulons" "des Écures" "des Écures" "des Écures" "des Herbiers" "des Herbiers" "des Herbiers" Desgouttes Desgouttes Desgouttes "du Bosquet" "du Bosquet" "du Bosquet" "du Fournay" "du Fournay" "du Fournay" "du Valentinois" "du Valentinois" "du Valentinois" Duquesne Duquesne Duquesne 
	"Le Tellier" "Le Tellier" "Le Tellier" 
}
army_names = {

	"Armée d'Italie" "Armée d'Italie" "Armée d'Italie" "Armée de $PROVINCE$" "Armée de $PROVINCE$" "Armée de $PROVINCE$" "Armée de Bretagne" "Armée de Bretagne" "Armée de Bretagne" "Armée de l'Atlantique" "Armée de l'Atlantique" "Armée de l'Atlantique" "Armée de l'Est" "Armée de l'Est" "Armée de l'Est" "Armée des Alpes" "Armée des Alpes" "Armée des Alpes" "Armée des Flandres" "Armée des Flandres" "Armée des Flandres" "Armée des Pyrénées" "Armée des Pyrénées" "Armée des Pyrénées" "Armée du Jura" "Armée du Jura" "Armée du Jura" "Armée du Lyonnais" "Armée du Lyonnais" "Armée du Lyonnais" "Armée du Midi" "Armée du Midi" "Armée du Midi" "Armée du Nord" "Armée du Nord" "Armée du Nord" "Armée royale" "Armée royale" "Armée royale" 
}
fleet_names = {

	"Escadre Blanche" "Escadre Blanche" "Escadre Blanche" "Escadre Bleue" "Escadre Bleue" "Escadre Bleue" "Escadre de Gascogne" "Escadre de Gascogne" "Escadre de Gascogne" "Escadre de l'Atlantique" "Escadre de l'Atlantique" "Escadre de l'Atlantique" "Escadre de la Manche" "Escadre de la Manche" "Escadre de la Manche" "Escadre de Méditerranée" "Escadre de Méditerranée" "Escadre de Méditerranée" "Escadre Rouge" "Escadre Rouge" "Escadre Rouge" 
}
ship_names = {

	Achille Achille Achille Actif Actif Actif Actionnaire Actionnaire Actionnaire Adelaïde Adelaïde Adelaïde Admirable Admirable Admirable Adroit Adroit Adroit Africain Africain Africain Agamemnon Agamemnon Agamemnon Aigle Aigle Aigle Aigrette Aigrette Aigrette Aimable Aimable Aimable Ajax Ajax Ajax Alcide Alcide Alcide Alcyon Alcyon Alcyon Alexandre Alexandre Alexandre Alliance Alliance Alliance Alsace Alsace Alsace Altier Altier Altier Amarante Amarante Amarante Amazone Amazone Amazone Ambitieux Ambitieux Ambitieux America America America Amiral Amiral Amiral "Amiral de Biscaye" "Amiral de Biscaye" "Amiral de Biscaye" "Amiral de Galice" "Amiral de Galice" "Amiral de Galice" Amphion Amphion Amphion Amphitrite Amphitrite Amphitrite Andromaque Andromaque Andromaque Anglais Anglais Anglais Anna Anna Anna Annibal Annibal Annibal Anonyme Anonyme Anonyme Anversois Anversois Anversois Apollon Apollon Apollon Aquilon Aquilon Aquilon Arc-en-Ciel Arc-en-Ciel Arc-en-Ciel Arcole Arcole Arcole Ardent Ardent Ardent Aréthuse Aréthuse Aréthuse Argonaute Argonaute Argonaute Artésien Artésien Artésien Asie Asie Asie Assuré Assuré Assuré Astrée Astrée Astrée Astrolabe Astrolabe Astrolabe Athénien Athénien Athénien Atlante Atlante Atlante Audacieux Audacieux Audacieux Auguste Auguste Auguste Aurore Aurore Aurore Avenant Avenant Avenant Aventurier Aventurier Aventurier 
	Badine Badine Badine Banel Banel Banel Basque Basque Basque Beaufort Beaufort Beaufort "Belle Poule" "Belle Poule" "Belle Poule" Belliqueux Belliqueux Belliqueux Bellone Bellone Bellone Bien-Aimé Bien-Aimé Bien-Aimé Bienfaisant Bienfaisant Bienfaisant Bizarre Bizarre Bizarre Bon Bon Bon Bonne Bonne Bonne Bordelais Bordelais Bordelais Borée Borée Borée Boudeuse Boudeuse Boudeuse Bouffonne Bouffonne Bouffonne Bourbon Bourbon Bourbon Boussole Boussole Boussole Brave Brave Brave Brélé Brélé Brélé Bretagne Bretagne Bretagne Breton Breton Breton Brillant Brillant Brillant Brutal Brutal Brutal Bucentaure Bucentaure Bucentaure 
	Calypso Calypso Calypso Capable Capable Capable Capricieux Capricieux Capricieux Caraquon Caraquon Caraquon Cardinal Cardinal Cardinal Caribou Caribou Caribou Cassard Cassard Cassard Castiglione Castiglione Castiglione Catholique Catholique Catholique Caton Caton Caton Censeur Censeur Censeur Centaure Centaure Centaure César César César Chalain Chalain Chalain Charente Charente Charente Charlemagne Charlemagne Charlemagne "Charles II" "Charles II" "Charles II" Charmante Charmante Charmante Chasseur Chasseur Chasseur "Cheval Marin" "Cheval Marin" "Cheval Marin" Choquante Choquante Choquante Christine Christine Christine Citoyen Citoyen Citoyen Cléopâtre Cléopâtre Cléopâtre Clorinde Clorinde Clorinde Colosse Colosse Colosse Comète Comète Comète "Commerce de Bordeaux" "Commerce de Bordeaux" "Commerce de Bordeaux" "Commerce de Marseille" "Commerce de Marseille" "Commerce de Marseille" "Commerce de Paris" "Commerce de Paris" "Commerce de Paris" "Commerce du Lyon" "Commerce du Lyon" "Commerce du Lyon" Comte Comte Comte Concorde Concorde Concorde Conquérant Conquérant Conquérant Consolante Consolante Consolante Content Content Content Coq Coq Coq Corail Corail Corail Courageux Courageux Courageux Couronne Couronne Couronne "Couronne Ottomane" "Couronne Ottomane" "Couronne Ottomane" Courtisan Courtisan Courtisan Croissant Croissant Croissant "Croissant d'Afrique" "Croissant d'Afrique" "Croissant d'Afrique" Curieux Curieux Curieux Cygne Cygne Cygne 
	Dalmate Dalmate Dalmate Dansé Dansé Dansé Dantzig Dantzig Dantzig Dauphin Dauphin Dauphin "Dauphin Royal" "Dauphin Royal" "Dauphin Royal" Dédaigneuse Dédaigneuse Dédaigneuse Défenseur Défenseur Défenseur Dego Dego Dego Desaix Desaix Desaix Destin Destin Destin "Deux Frères" "Deux Frères" "Deux Frères" Diadème Diadème Diadème Diamant Diamant Diamant Dictateur Dictateur Dictateur "Don de Dieu" "Don de Dieu" "Don de Dieu" Dragon Dragon Dragon "Dragon d'Or" "Dragon d'Or" "Dragon d'Or" Dryade Dryade Dryade Dubois Dubois Dubois Duc Duc Duc "Duc d'Angoulême" "Duc d'Angoulême" "Duc d'Angoulême" "Duc d'Aquitaine" "Duc d'Aquitaine" "Duc d'Aquitaine" "Duc de Berry" "Duc de Berry" "Duc de Berry" "Duc de Bourgogne" "Duc de Bourgogne" "Duc de Bourgogne" Duguesclin Duguesclin Duguesclin Dunkerquois Dunkerquois Dunkerquois Duperre Duperre Duperre Duquesne Duquesne Duquesne Dur Dur Dur 
	Éclatant Éclatant Éclatant Écueil Écueil Écueil Écureuil Écureuil Écureuil Église Église Église Émerillon Émerillon Émerillon Éminent Éminent Éminent Éole Éole Éole Ésperance Ésperance Ésperance "Ésperance d'Angleterre" "Ésperance d'Angleterre" "Ésperance d'Angleterre" "Ésperance de Dieu" "Ésperance de Dieu" "Ésperance de Dieu" "Ésperance en Dieu" "Ésperance en Dieu" "Ésperance en Dieu" "États de Bourgogne" "États de Bourgogne" "États de Bourgogne" "Étoile de Diane" "Étoile de Diane" "Étoile de Diane" Éveillé Éveillé Éveillé 
	Fâcheux Fâcheux Fâcheux Fantasque Fantasque Fantasque Faucon Faucon Faucon "Faucon Anglais" "Faucon Anglais" "Faucon Anglais" Favori Favori Favori Fée Fée Fée Félicité Félicité Félicité Fendant Fendant Fendant Ferronière Ferronière Ferronière Fidèle Fidèle Fidèle Fier Fier Fier Fiesque Fiesque Fiesque Flamand Flamand Flamand "Fleur de Lys" "Fleur de Lys" "Fleur de Lys" Fleuron Fleuron Fleuron Florissant Florissant Florissant Formidable Formidable Formidable Fort Fort Fort Fortune Fortune Fortune Foudroyant Foudroyant Foudroyant Fougueux Fougueux Fougueux Français Français Français Frédéric Frédéric Frédéric "Frégate Royale" "Frégate Royale" "Frégate Royale" Friponne Friponne Friponne Fulminant Fulminant Fulminant 
	Gaillard Gaillard Gaillard Galant Galant Galant Galathée Galathée Galathée "Galion de Guise" "Galion de Guise" "Galion de Guise" Gaulois Gaulois Gaulois Gazelle Gazelle Gazelle Généreux Généreux Généreux Gênois Gênois Gênois Gentille Gentille Gentille Gerze Gerze Gerze Gloire Gloire Gloire Gracieuse Gracieuse Gracieuse Grand Grand Grand "Grand Anglais" "Grand Anglais" "Grand Anglais" "Grand Chalain" "Grand Chalain" "Grand Chalain" "Grand Danois" "Grand Danois" "Grand Danois" "Grand Henry" "Grand Henry" "Grand Henry" "Grand Saint Louis" "Grand Saint Louis" "Grand Saint Louis" "Grand Vainqueur" "Grand Vainqueur" "Grand Vainqueur" "Grand Vasseau du Roi" "Grand Vasseau du Roi" "Grand Vasseau du Roi" "Grande Galion de Malte" "Grande Galion de Malte" "Grande Galion de Malte" "Grande Nef d'Écosse" "Grande Nef d'Écosse" "Grande Nef d'Écosse" "Grande Saint Jean" "Grande Saint Jean" "Grande Saint Jean" Griffon Griffon Griffon Guerrier Guerrier Guerrier Guirlande Guirlande Guirlande 
	"Île de France" "Île de France" "Île de France" 
	Languedoc Languedoc Languedoc Laurier Laurier Laurier "Le Beau Parterre" "Le Beau Parterre" "Le Beau Parterre" Léger Léger Léger Léopard Léopard Léopard Licorne Licorne Licorne Ligourois Ligourois Ligourois Lion Lion Lion "Lion Couronné" "Lion Couronné" "Lion Couronné" "Lion d'Or" "Lion d'Or" "Lion d'Or" Lionne Lionne Lionne Lune Lune Lune Lutine Lutine Lutine Lys Lys Lys 
	Madame Madame Madame Madeleine Madeleine Madeleine "Madeleine de Brest" "Madeleine de Brest" "Madeleine de Brest" Magicienne Magicienne Magicienne Magnanime Magnanime Magnanime Magnifique Magnifique Magnifique Maistresse Maistresse Maistresse Majestueux Majestueux Majestueux Maquedo Maquedo Maquedo Marabout Marabout Marabout Marguerite Marguerite Marguerite "Marguerite du Ponant" "Marguerite du Ponant" "Marguerite du Ponant" "Marie la Cordelière" "Marie la Cordelière" "Marie la Cordelière" Marie-Elisabeth Marie-Elisabeth Marie-Elisabeth Marin Marin Marin Marquise Marquise Marquise Mars Mars Mars Maure Maure Maure Maurepas Maurepas Maurepas Mazarin Mazarin Mazarin Méduse Méduse Méduse Mercœur Mercœur Mercœur Mercure Mercure Mercure Merveilleux Merveilleux Merveilleux Mignonne Mignonne Mignonne Minotaure Minotaure Minotaure Modéré Modéré Modéré Monarque Monarque Monarque "Mont Saint-Bernard" "Mont Saint-Bernard" "Mont Saint-Bernard" Montebello Montebello Montebello Montenotte Montenotte Montenotte Montmorency Montmorency Montmorency Montolieu Montolieu Montolieu Mutine Mutine Mutine 
	Nassau Nassau Nassau Navarrais Navarrais Navarrais Navire-du-Roi Navire-du-Roi Navire-du-Roi Neptune Neptune Neptune Néréide Néréide Néréide Nieuport Nieuport Nieuport "Noire Galère" "Noire Galère" "Noire Galère" Normand Normand Normand "Notre Dame" "Notre Dame" "Notre Dame" "Notre Dame de la Victoire" "Notre Dame de la Victoire" "Notre Dame de la Victoire" "Notre Dame des Martyres" "Notre Dame des Martyres" "Notre Dame des Martyres" "Notre Dame du Peuple" "Notre Dame du Peuple" "Notre Dame du Peuple" 
	Océan Océan Océan Oiseau Oiseau Oiseau Opiniâtre Opiniâtre Opiniâtre Orgueilleux Orgueilleux Orgueilleux Orient Orient Orient Oriflamme Oriflamme Oriflamme Orion Orion Orion Orphée Orphée Orphée Ours Ours Ours "Ours Blanc" "Ours Blanc" "Ours Blanc" "Ours d'Or" "Ours d'Or" "Ours d'Or" 
	Pacificateur Pacificateur Pacificateur Palmier Palmier Palmier Parfait Parfait Parfait Paris Paris Paris Patriote Patriote Patriote Pégase Pégase Pégase Pélican Pélican Pélican Pélicorne Pélicorne Pélicorne Perle Perle Perle Persée Persée Persée Persévérante Persévérante Persévérante "Petit Saint Jean" "Petit Saint Jean" "Petit Saint Jean" "Petit Saint Louis" "Petit Saint Louis" "Petit Saint Louis" Pléiade Pléiade Pléiade Poli Poli Poli Polonais Polonais Polonais Polyphème Polyphème Polyphème Pompée Pompée Pompée Pompeux Pompeux Pompeux Pourvoyeuse Pourvoyeuse Pourvoyeuse Prince Prince Prince "Prince Henri" "Prince Henri" "Prince Henri" Princesse Princesse Princesse Prompt Prompt Prompt Prosélyte Prosélyte Prosélyte Protée Protée Protée Provençal Provençal Provençal Prudent Prudent Prudent Pucelle Pucelle Pucelle Puissant Puissant Puissant Pyrrhus Pyrrhus Pyrrhus 
	"Quatre Frères" "Quatre Frères" "Quatre Frères" 
	Railleuse Railleuse Railleuse Raisonnable Raisonnable Raisonnable Redoutable Redoutable Redoutable Réfléchi Réfléchi Réfléchi Régénérateur Régénérateur Régénérateur Regina Regina Regina Regulus Regulus Regulus Reine Reine Reine Renommée Renommée Renommée Résistance Résistance Résistance Robuste Robuste Robuste Rochefort Rochefort Rochefort "Roi de Rome" "Roi de Rome" "Roi de Rome" Roland Roland Roland Rouen Rouen Rouen Royal Royal Royal "Royal Duc" "Royal Duc" "Royal Duc" "Royal Hollandais" "Royal Hollandais" "Royal Hollandais" "Royal Italien" "Royal Italien" "Royal Italien" "Royal Louis" "Royal Louis" "Royal Louis" "Royale Thérèse" "Royale Thérèse" "Royale Thérèse" Rubis Rubis Rubis 
	Sage Sage Sage Sagittaire Sagittaire Sagittaire "Saint André" "Saint André" "Saint André" "Saint Antoine" "Saint Antoine" "Saint Antoine" "Saint Antoine de Gênes" "Saint Antoine de Gênes" "Saint Antoine de Gênes" "Saint Augustin" "Saint Augustin" "Saint Augustin" "Saint Basile" "Saint Basile" "Saint Basile" "Saint Catherine" "Saint Catherine" "Saint Catherine" "Saint Charles" "Saint Charles" "Saint Charles" "Saint Cosme" "Saint Cosme" "Saint Cosme" "Saint Dominique" "Saint Dominique" "Saint Dominique" "Saint Edmé" "Saint Edmé" "Saint Edmé" "Saint Esprit" "Saint Esprit" "Saint Esprit" "Saint François" "Saint François" "Saint François" "Saint Georges de Londres" "Saint Georges de Londres" "Saint Georges de Londres" "Saint Ignace" "Saint Ignace" "Saint Ignace" "Saint Jacques" "Saint Jacques" "Saint Jacques" "Saint Jacques du Portugal" "Saint Jacques du Portugal" "Saint Jacques du Portugal" "Saint Jean" "Saint Jean" "Saint Jean" "Saint Jean de Bordeaux" "Saint Jean de Bordeaux" "Saint Jean de Bordeaux" "Saint Jean de Hollande" "Saint Jean de Hollande" "Saint Jean de Hollande" "Saint Joseph" "Saint Joseph" "Saint Joseph" "Saint Louis" "Saint Louis" "Saint Louis" "Saint Louis de Brest" "Saint Louis de Brest" "Saint Louis de Brest" "Saint Louis de Nevers" "Saint Louis de Nevers" "Saint Louis de Nevers" "Saint Louis de Saint-Malo" "Saint Louis de Saint-Malo" "Saint Louis de Saint-Malo" "Saint Michel" "Saint Michel" "Saint Michel" "Saint Paul" "Saint Paul" "Saint Paul" "Saint Philippe" "Saint Philippe" "Saint Philippe" "Saint Pierre" "Saint Pierre" "Saint Pierre" "Saint Sébastien" "Saint Sébastien" "Saint Sébastien" "Saint Thomas d'Aquin" "Saint Thomas d'Aquin" "Saint Thomas d'Aquin" "Saint Vincent" "Saint Vincent" "Saint Vincent" Saint-Malo Saint-Malo Saint-Malo Saint-Sacrement Saint-Sacrement Saint-Sacrement "Sainte Croix" "Sainte Croix" "Sainte Croix" "Sainte Geneviève" "Sainte Geneviève" "Sainte Geneviève" "Sainte Marie" "Sainte Marie" "Sainte Marie" Salamandre Salamandre Salamandre "Sans Pareil" "Sans Pareil" "Sans Pareil" Sceptre Sceptre Sceptre Scipion Scipion Scipion Séduisant Séduisant Séduisant Seine Seine Seine Sémillante Sémillante Sémillante Sérieux Sérieux Sérieux Sirène Sirène Sirène Soleil Soleil Soleil "Soleil d'Afrique" "Soleil d'Afrique" "Soleil d'Afrique" "Soleil d'Alger" "Soleil d'Alger" "Soleil d'Alger" "Soleil Royal" "Soleil Royal" "Soleil Royal" Solide Solide Solide Sophie Sophie Sophie Sorlingue Sorlingue Sorlingue Sourdis Sourdis Sourdis Souverain Souverain Souverain Sphinx Sphinx Sphinx Subtile Subtile Subtile Suffisant Suffisant Suffisant Suffren Suffren Suffren Superbe Superbe Superbe Surveillante Surveillante Surveillante Suzanne Suzanne Suzanne Sylvie Sylvie Sylvie 
	Téméraire Téméraire Téméraire Tempête Tempête Tempête Terpsichore Terpsichore Terpsichore Terreur Terreur Terreur Terrible Terrible Terrible Thémistocle Thémistocle Thémistocle Thérèse Thérèse Thérèse Thésée Thésée Thésée Thétis Thétis Thétis Tigre Tigre Tigre Tonnant Tonnant Tonnant Topaze Topaze Topaze Toulon Toulon Toulon Tourbillon Tourbillon Tourbillon Tourville Tourville Tourville Trajan Trajan Trajan Trident Trident Trident Triomphe Triomphe Triomphe Triton Triton Triton Trocadero Trocadero Trocadero "Trois Fanaux" "Trois Fanaux" "Trois Fanaux" "Trois Rois" "Trois Rois" "Trois Rois" Trompeuse Trompeuse Trompeuse 
	Vaillant Vaillant Vaillant Vainqueur Vainqueur Vainqueur "Vaisseau de Torais" "Vaisseau de Torais" "Vaisseau de Torais" "Vaisseau du Roi" "Vaisseau du Roi" "Vaisseau du Roi" Valeur Valeur Valeur Vendôme Vendôme Vendôme Vengeur Vengeur Vengeur Vénus Vénus Vénus Vertu Vertu Vertu Vestale Vestale Vestale Vétéran Vétéran Vétéran Victoire Victoire Victoire Victorieux Victorieux Victorieux Vierge Vierge Vierge Ville-de-Marseille Ville-de-Marseille Ville-de-Marseille Ville-de-Paris Ville-de-Paris Ville-de-Paris Ville-de-Rouen Ville-de-Rouen Ville-de-Rouen Volage Volage Volage Volontaire Volontaire Volontaire 
	Elbeuf Elbeuf Elbeuf Embuscade Embuscade Embuscade Empereur Empereur Empereur Emporte Emporte Emporte Engageante Engageante Engageante Enjouree Enjouree Enjouree Entendu Entendu Entendu Entreprenant Entreprenant Entreprenant Europe Europe Europe Excellent Excellent Excellent 
	Hardi Hardi Hardi Hasardeux Hasardeux Hasardeux Havre Havre Havre Hébé Hébé Hébé Henri Henri Henri Hercule Hercule Hercule Hermione Hermione Hermione Héroïne Héroïne Héroïne Héros Héros Héros Heureux Heureux Heureux Hippopotame Hippopotame Hippopotame Hirondelle Hirondelle Hirondelle Hymen Hymen Hymen 
	Inconstante Inconstante Inconstante Indien Indien Indien Indomptable Indomptable Indomptable Infante Infante Infante Inflexible Inflexible Inflexible Intrépide Intrépide Intrépide Invincible Invincible Invincible Iphighénie Iphighénie Iphighénie Isabelle Isabelle Isabelle 
	Jason Jason Jason Jemmapes Jemmapes Jemmapes Jeux Jeux Jeux Joli Joli Joli Jules Jules Jules Junon Junon Junon Jupiter Jupiter Jupiter Juste Juste Juste 
	Uranie Uranie Uranie Utile Utile Utile 
	Wallon Wallon Wallon 
	Zélandais Zélandais Zélandais Zélé Zélé Zélé Zodiaque Zodiaque Zodiaque 
}
monarch_names = {
	"Louis #10" = 160
	"Charles #5" = 80
	"Henri #1" = 60
	"François #0" = 40
	"Philippe #6" = 10
	"Jean #2" = 10
	"Gaston #0" = 10
	"Nicolas-Henri #0" = 10
	"Louis-François #0" = 5
	"Jacques #0" = 5
	"Joachim #0" = 5
	"Xavier #0" = 5
	"Robert #2" = 1
	"Hugues #1" = 1
	"Raoul #1" = 1
	"Alexandre #0" = 0
	"Alphonse #0" = 0
	"Ambroise #0" = 0
	"Armand #0" = 0
	"Augustin #0" = 0
	"Barthélemy #0" = 0
	"Benoît #0" = 0
	"Bernard #0" = 0
	"Blaise #0" = 0
	"Claude #0" = 0
	"Clément #0" = 0
	"Denis #0" = 0
	"Étienne #0" = 0
	"Firmin #0" = 0
	"Georges #0" = 0
	"Guy #0" = 0
	"Guillaume #0" = 0
	"Ignace #0" = 0
	"Jean-Antoine #0" = 0
	"Jean-Baptiste #0" = 0
	"Jean-Jacques #0" = 0
	"Jean-Philippe #0" = 0
	"Joseph #0" = 0
	"Josquin #0" = 0
	"Jules #0" = 0
	"Marc #0" = 0
	"Maurice #0" = 0
	"Maximilien #0" = 0
	"Michel #0" = 0
	"Nicolas #0" = 0
	"Pascal #0" = 0
	"Pierre #0" = 0
	"René #0" = 0
	"Sébastien #0" = 0
	"Simon #0" = 0
	"Jeanne #0" = -10
	"Marie #0" = -1
	"Charlotte #0" = -1
	"Anne #0" = -10
	"Marguerite #0" = -10
	"Adélaïde #0" = -10
	"Louis #10" = 160
	"Charles #5" = 80
	"Henri #1" = 60
	"François #0" = 40
	"Philippe #6" = 10
	"Jean #2" = 10
	"Gaston #0" = 10
	"Nicolas-Henri #0" = 10
	"Louis-François #0" = 5
	"Jacques #0" = 5
	"Joachim #0" = 5
	"Xavier #0" = 5
	"Robert #2" = 1
	"Hugues #1" = 1
	"Raoul #1" = 1
	"Alexandre #0" = 0
	"Alphonse #0" = 0
	"Ambroise #0" = 0
	"Armand #0" = 0
	"Augustin #0" = 0
	"Barthélemy #0" = 0
	"Benoît #0" = 0
	"Bernard #0" = 0
	"Blaise #0" = 0
	"Claude #0" = 0
	"Clément #0" = 0
	"Denis #0" = 0
	"Étienne #0" = 0
	"Firmin #0" = 0
	"Georges #0" = 0
	"Guy #0" = 0
	"Guillaume #0" = 0
	"Ignace #0" = 0
	"Jean-Antoine #0" = 0
	"Jean-Baptiste #0" = 0
	"Jean-Jacques #0" = 0
	"Jean-Philippe #0" = 0
	"Joseph #0" = 0
	"Josquin #0" = 0
	"Jules #0" = 0
	"Marc #0" = 0
	"Maurice #0" = 0
	"Maximilien #0" = 0
	"Michel #0" = 0
	"Nicolas #0" = 0
	"Pascal #0" = 0
	"Pierre #0" = 0
	"René #0" = 0
	"Sébastien #0" = 0
	"Simon #0" = 0
	"Jeanne #0" = -10
	"Marie #0" = -1
	"Charlotte #0" = -1
	"Anne #0" = -10
	"Marguerite #0" = -10
	"Adélaïde #0" = -10
	"Louis #10" = 160
	"Charles #5" = 80
	"Henri #1" = 60
	"François #0" = 40
	"Philippe #6" = 10
	"Jean #2" = 10
	"Gaston #0" = 10
	"Nicolas-Henri #0" = 10
	"Louis-François #0" = 5
	"Jacques #0" = 5
	"Joachim #0" = 5
	"Xavier #0" = 5
	"Robert #2" = 1
	"Hugues #1" = 1
	"Raoul #1" = 1
	"Alexandre #0" = 0
	"Alphonse #0" = 0
	"Ambroise #0" = 0
	"Armand #0" = 0
	"Augustin #0" = 0
	"Barthélemy #0" = 0
	"Benoît #0" = 0
	"Bernard #0" = 0
	"Blaise #0" = 0
	"Claude #0" = 0
	"Clément #0" = 0
	"Denis #0" = 0
	"Étienne #0" = 0
	"Firmin #0" = 0
	"Georges #0" = 0
	"Guy #0" = 0
	"Guillaume #0" = 0
	"Ignace #0" = 0
	"Jean-Antoine #0" = 0
	"Jean-Baptiste #0" = 0
	"Jean-Jacques #0" = 0
	"Jean-Philippe #0" = 0
	"Joseph #0" = 0
	"Josquin #0" = 0
	"Jules #0" = 0
	"Marc #0" = 0
	"Maurice #0" = 0
	"Maximilien #0" = 0
	"Michel #0" = 0
	"Nicolas #0" = 0
	"Pascal #0" = 0
	"Pierre #0" = 0
	"René #0" = 0
	"Sébastien #0" = 0
	"Simon #0" = 0
	"Jeanne #0" = -10
	"Marie #0" = -1
	"Charlotte #0" = -1
	"Anne #0" = -10
	"Marguerite #0" = -10
	"Adélaïde #0" = -10
}

### Modified 7/26/2025 2:15:40 PM ###

